customer_id,name,email,password_hash
1,Customer_Name_1,customer1@example.com,$2y$10$testHash20716abc
2,Customer_Name_2,customer2@example.com,$2y$10$testHash33473abc
3,Customer_Name_3,customer3@example.com,$2y$10$testHash40902abc
4,Customer_Name_4,customer4@example.com,$2y$10$testHash50855abc
5,Customer_Name_5,customer5@example.com,$2y$10$testHash20031abc
6,Customer_Name_6,customer6@example.com,$2y$10$testHash30218abc
7,Customer_Name_7,customer7@example.com,$2y$10$testHash42849abc
8,Customer_Name_8,customer8@example.com,$2y$10$testHash28204abc
9,Customer_Name_9,customer9@example.com,$2y$10$testHash95655abc
10,Customer_Name_10,customer10@example.com,$2y$10$testHash73469abc
11,Customer_Name_11,customer11@example.com,$2y$10$testHash12605abc
12,Customer_Name_12,customer12@example.com,$2y$10$testHash49051abc
13,Customer_Name_13,customer13@example.com,$2y$10$testHash92076abc
14,Customer_Name_14,customer14@example.com,$2y$10$testHash24844abc
15,Customer_Name_15,customer15@example.com,$2y$10$testHash15160abc
16,Customer_Name_16,customer16@example.com,$2y$10$testHash90094abc
17,Customer_Name_17,customer17@example.com,$2y$10$testHash46276abc
18,Customer_Name_18,customer18@example.com,$2y$10$testHash30297abc
19,Customer_Name_19,customer19@example.com,$2y$10$testHash41478abc
20,Customer_Name_20,customer20@example.com,$2y$10$testHash90340abc
21,Customer_Name_21,customer21@example.com,$2y$10$testHash85286abc
22,Customer_Name_22,customer22@example.com,$2y$10$testHash70067abc
23,Customer_Name_23,customer23@example.com,$2y$10$testHash78710abc
24,Customer_Name_24,customer24@example.com,$2y$10$testHash31622abc
25,Customer_Name_25,customer25@example.com,$2y$10$testHash98520abc
26,Customer_Name_26,customer26@example.com,$2y$10$testHash14312abc
27,Customer_Name_27,customer27@example.com,$2y$10$testHash42957abc
28,Customer_Name_28,customer28@example.com,$2y$10$testHash88137abc
29,Customer_Name_29,customer29@example.com,$2y$10$testHash69797abc
30,Customer_Name_30,customer30@example.com,$2y$10$testHash91939abc
31,Customer_Name_31,customer31@example.com,$2y$10$testHash39820abc
32,Customer_Name_32,customer32@example.com,$2y$10$testHash83945abc
33,Customer_Name_33,customer33@example.com,$2y$10$testHash57523abc
34,Customer_Name_34,customer34@example.com,$2y$10$testHash95835abc
35,Customer_Name_35,customer35@example.com,$2y$10$testHash35212abc
36,Customer_Name_36,customer36@example.com,$2y$10$testHash96517abc
37,Customer_Name_37,customer37@example.com,$2y$10$testHash16543abc
38,Customer_Name_38,customer38@example.com,$2y$10$testHash58717abc
39,Customer_Name_39,customer39@example.com,$2y$10$testHash17421abc
40,Customer_Name_40,customer40@example.com,$2y$10$testHash84720abc
41,Customer_Name_41,customer41@example.com,$2y$10$testHash52917abc
42,Customer_Name_42,customer42@example.com,$2y$10$testHash50021abc
43,Customer_Name_43,customer43@example.com,$2y$10$testHash14571abc
44,Customer_Name_44,customer44@example.com,$2y$10$testHash60980abc
45,Customer_Name_45,customer45@example.com,$2y$10$testHash58484abc
46,Customer_Name_46,customer46@example.com,$2y$10$testHash86648abc
47,Customer_Name_47,customer47@example.com,$2y$10$testHash56376abc
48,Customer_Name_48,customer48@example.com,$2y$10$testHash84537abc
49,Customer_Name_49,customer49@example.com,$2y$10$testHash35316abc
50,Customer_Name_50,customer50@example.com,$2y$10$testHash80588abc
51,Customer_Name_51,customer51@example.com,$2y$10$testHash88484abc
52,Customer_Name_52,customer52@example.com,$2y$10$testHash48432abc
53,Customer_Name_53,customer53@example.com,$2y$10$testHash12049abc
54,Customer_Name_54,customer54@example.com,$2y$10$testHash77268abc
55,Customer_Name_55,customer55@example.com,$2y$10$testHash26766abc
56,Customer_Name_56,customer56@example.com,$2y$10$testHash84469abc
57,Customer_Name_57,customer57@example.com,$2y$10$testHash33714abc
58,Customer_Name_58,customer58@example.com,$2y$10$testHash80001abc
59,Customer_Name_59,customer59@example.com,$2y$10$testHash51728abc
60,Customer_Name_60,customer60@example.com,$2y$10$testHash83487abc
61,Customer_Name_61,customer61@example.com,$2y$10$testHash48646abc
62,Customer_Name_62,customer62@example.com,$2y$10$testHash24477abc
63,Customer_Name_63,customer63@example.com,$2y$10$testHash91948abc
64,Customer_Name_64,customer64@example.com,$2y$10$testHash29064abc
65,Customer_Name_65,customer65@example.com,$2y$10$testHash14129abc
66,Customer_Name_66,customer66@example.com,$2y$10$testHash41138abc
67,Customer_Name_67,customer67@example.com,$2y$10$testHash95438abc
68,Customer_Name_68,customer68@example.com,$2y$10$testHash66208abc
69,Customer_Name_69,customer69@example.com,$2y$10$testHash66626abc
70,Customer_Name_70,customer70@example.com,$2y$10$testHash81226abc
71,Customer_Name_71,customer71@example.com,$2y$10$testHash70255abc
72,Customer_Name_72,customer72@example.com,$2y$10$testHash66389abc
73,Customer_Name_73,customer73@example.com,$2y$10$testHash60179abc
74,Customer_Name_74,customer74@example.com,$2y$10$testHash19653abc
75,Customer_Name_75,customer75@example.com,$2y$10$testHash54137abc
76,Customer_Name_76,customer76@example.com,$2y$10$testHash32002abc
77,Customer_Name_77,customer77@example.com,$2y$10$testHash54772abc
78,Customer_Name_78,customer78@example.com,$2y$10$testHash83170abc
79,Customer_Name_79,customer79@example.com,$2y$10$testHash47622abc
80,Customer_Name_80,customer80@example.com,$2y$10$testHash90103abc
81,Customer_Name_81,customer81@example.com,$2y$10$testHash93621abc
82,Customer_Name_82,customer82@example.com,$2y$10$testHash63719abc
83,Customer_Name_83,customer83@example.com,$2y$10$testHash10056abc
84,Customer_Name_84,customer84@example.com,$2y$10$testHash83785abc
85,Customer_Name_85,customer85@example.com,$2y$10$testHash81626abc
86,Customer_Name_86,customer86@example.com,$2y$10$testHash12494abc
87,Customer_Name_87,customer87@example.com,$2y$10$testHash89487abc
88,Customer_Name_88,customer88@example.com,$2y$10$testHash95076abc
89,Customer_Name_89,customer89@example.com,$2y$10$testHash13630abc
90,Customer_Name_90,customer90@example.com,$2y$10$testHash95834abc
91,Customer_Name_91,customer91@example.com,$2y$10$testHash55544abc
92,Customer_Name_92,customer92@example.com,$2y$10$testHash96469abc
93,Customer_Name_93,customer93@example.com,$2y$10$testHash11455abc
94,Customer_Name_94,customer94@example.com,$2y$10$testHash90613abc
95,Customer_Name_95,customer95@example.com,$2y$10$testHash93309abc
96,Customer_Name_96,customer96@example.com,$2y$10$testHash42102abc
97,Customer_Name_97,customer97@example.com,$2y$10$testHash78686abc
98,Customer_Name_98,customer98@example.com,$2y$10$testHash99585abc
99,Customer_Name_99,customer99@example.com,$2y$10$testHash79289abc
100,Customer_Name_100,customer100@example.com,$2y$10$testHash46094abc
101,Customer_Name_101,customer101@example.com,$2y$10$testHash99369abc
102,Customer_Name_102,customer102@example.com,$2y$10$testHash79422abc
103,Customer_Name_103,customer103@example.com,$2y$10$testHash51672abc
104,Customer_Name_104,customer104@example.com,$2y$10$testHash99990abc
105,Customer_Name_105,customer105@example.com,$2y$10$testHash88014abc
106,Customer_Name_106,customer106@example.com,$2y$10$testHash95224abc
107,Customer_Name_107,customer107@example.com,$2y$10$testHash55721abc
108,Customer_Name_108,customer108@example.com,$2y$10$testHash23823abc
109,Customer_Name_109,customer109@example.com,$2y$10$testHash36049abc
110,Customer_Name_110,customer110@example.com,$2y$10$testHash19967abc
111,Customer_Name_111,customer111@example.com,$2y$10$testHash72028abc
112,Customer_Name_112,customer112@example.com,$2y$10$testHash12442abc
113,Customer_Name_113,customer113@example.com,$2y$10$testHash93820abc
114,Customer_Name_114,customer114@example.com,$2y$10$testHash58888abc
115,Customer_Name_115,customer115@example.com,$2y$10$testHash16864abc
116,Customer_Name_116,customer116@example.com,$2y$10$testHash23855abc
117,Customer_Name_117,customer117@example.com,$2y$10$testHash94295abc
118,Customer_Name_118,customer118@example.com,$2y$10$testHash40949abc
119,Customer_Name_119,customer119@example.com,$2y$10$testHash84447abc
120,Customer_Name_120,customer120@example.com,$2y$10$testHash22834abc
121,Customer_Name_121,customer121@example.com,$2y$10$testHash35884abc
122,Customer_Name_122,customer122@example.com,$2y$10$testHash49115abc
123,Customer_Name_123,customer123@example.com,$2y$10$testHash23327abc
124,Customer_Name_124,customer124@example.com,$2y$10$testHash51888abc
125,Customer_Name_125,customer125@example.com,$2y$10$testHash32877abc
126,Customer_Name_126,customer126@example.com,$2y$10$testHash76692abc
127,Customer_Name_127,customer127@example.com,$2y$10$testHash30759abc
128,Customer_Name_128,customer128@example.com,$2y$10$testHash91392abc
129,Customer_Name_129,customer129@example.com,$2y$10$testHash69692abc
130,Customer_Name_130,customer130@example.com,$2y$10$testHash71429abc
131,Customer_Name_131,customer131@example.com,$2y$10$testHash75908abc
132,Customer_Name_132,customer132@example.com,$2y$10$testHash79549abc
133,Customer_Name_133,customer133@example.com,$2y$10$testHash81160abc
134,Customer_Name_134,customer134@example.com,$2y$10$testHash66092abc
135,Customer_Name_135,customer135@example.com,$2y$10$testHash15109abc
136,Customer_Name_136,customer136@example.com,$2y$10$testHash66199abc
137,Customer_Name_137,customer137@example.com,$2y$10$testHash76943abc
138,Customer_Name_138,customer138@example.com,$2y$10$testHash92728abc
139,Customer_Name_139,customer139@example.com,$2y$10$testHash19404abc
140,Customer_Name_140,customer140@example.com,$2y$10$testHash56654abc
141,Customer_Name_141,customer141@example.com,$2y$10$testHash12117abc
142,Customer_Name_142,customer142@example.com,$2y$10$testHash70968abc
143,Customer_Name_143,customer143@example.com,$2y$10$testHash64356abc
144,Customer_Name_144,customer144@example.com,$2y$10$testHash13184abc
145,Customer_Name_145,customer145@example.com,$2y$10$testHash86950abc
146,Customer_Name_146,customer146@example.com,$2y$10$testHash32236abc
147,Customer_Name_147,customer147@example.com,$2y$10$testHash62840abc
148,Customer_Name_148,customer148@example.com,$2y$10$testHash99673abc
149,Customer_Name_149,customer149@example.com,$2y$10$testHash33737abc
150,Customer_Name_150,customer150@example.com,$2y$10$testHash32270abc
151,Customer_Name_151,customer151@example.com,$2y$10$testHash35388abc
152,Customer_Name_152,customer152@example.com,$2y$10$testHash59792abc
153,Customer_Name_153,customer153@example.com,$2y$10$testHash11247abc
154,Customer_Name_154,customer154@example.com,$2y$10$testHash69213abc
155,Customer_Name_155,customer155@example.com,$2y$10$testHash62892abc
156,Customer_Name_156,customer156@example.com,$2y$10$testHash85635abc
157,Customer_Name_157,customer157@example.com,$2y$10$testHash69772abc
158,Customer_Name_158,customer158@example.com,$2y$10$testHash46971abc
159,Customer_Name_159,customer159@example.com,$2y$10$testHash13445abc
160,Customer_Name_160,customer160@example.com,$2y$10$testHash51404abc
161,Customer_Name_161,customer161@example.com,$2y$10$testHash45060abc
162,Customer_Name_162,customer162@example.com,$2y$10$testHash72438abc
163,Customer_Name_163,customer163@example.com,$2y$10$testHash82048abc
164,Customer_Name_164,customer164@example.com,$2y$10$testHash47942abc
165,Customer_Name_165,customer165@example.com,$2y$10$testHash66772abc
166,Customer_Name_166,customer166@example.com,$2y$10$testHash23592abc
167,Customer_Name_167,customer167@example.com,$2y$10$testHash41427abc
168,Customer_Name_168,customer168@example.com,$2y$10$testHash31337abc
169,Customer_Name_169,customer169@example.com,$2y$10$testHash82637abc
170,Customer_Name_170,customer170@example.com,$2y$10$testHash24417abc
171,Customer_Name_171,customer171@example.com,$2y$10$testHash30569abc
172,Customer_Name_172,customer172@example.com,$2y$10$testHash27222abc
173,Customer_Name_173,customer173@example.com,$2y$10$testHash72141abc
174,Customer_Name_174,customer174@example.com,$2y$10$testHash27537abc
175,Customer_Name_175,customer175@example.com,$2y$10$testHash38544abc
176,Customer_Name_176,customer176@example.com,$2y$10$testHash36946abc
177,Customer_Name_177,customer177@example.com,$2y$10$testHash78867abc
178,Customer_Name_178,customer178@example.com,$2y$10$testHash46945abc
179,Customer_Name_179,customer179@example.com,$2y$10$testHash61839abc
180,Customer_Name_180,customer180@example.com,$2y$10$testHash73750abc
181,Customer_Name_181,customer181@example.com,$2y$10$testHash94259abc
182,Customer_Name_182,customer182@example.com,$2y$10$testHash19405abc
183,Customer_Name_183,customer183@example.com,$2y$10$testHash99176abc
184,Customer_Name_184,customer184@example.com,$2y$10$testHash48293abc
185,Customer_Name_185,customer185@example.com,$2y$10$testHash84100abc
186,Customer_Name_186,customer186@example.com,$2y$10$testHash71443abc
187,Customer_Name_187,customer187@example.com,$2y$10$testHash69747abc
188,Customer_Name_188,customer188@example.com,$2y$10$testHash35117abc
189,Customer_Name_189,customer189@example.com,$2y$10$testHash51070abc
190,Customer_Name_190,customer190@example.com,$2y$10$testHash55895abc
191,Customer_Name_191,customer191@example.com,$2y$10$testHash34982abc
192,Customer_Name_192,customer192@example.com,$2y$10$testHash27442abc
193,Customer_Name_193,customer193@example.com,$2y$10$testHash67342abc
194,Customer_Name_194,customer194@example.com,$2y$10$testHash29015abc
195,Customer_Name_195,customer195@example.com,$2y$10$testHash78333abc
196,Customer_Name_196,customer196@example.com,$2y$10$testHash77499abc
197,Customer_Name_197,customer197@example.com,$2y$10$testHash51052abc
198,Customer_Name_198,customer198@example.com,$2y$10$testHash41684abc
199,Customer_Name_199,customer199@example.com,$2y$10$testHash66891abc
200,Customer_Name_200,customer200@example.com,$2y$10$testHash92250abc
201,Customer_Name_201,customer201@example.com,$2y$10$testHash37169abc
202,Customer_Name_202,customer202@example.com,$2y$10$testHash27875abc
203,Customer_Name_203,customer203@example.com,$2y$10$testHash78847abc
204,Customer_Name_204,customer204@example.com,$2y$10$testHash11689abc
205,Customer_Name_205,customer205@example.com,$2y$10$testHash48794abc
206,Customer_Name_206,customer206@example.com,$2y$10$testHash23479abc
207,Customer_Name_207,customer207@example.com,$2y$10$testHash37825abc
208,Customer_Name_208,customer208@example.com,$2y$10$testHash51809abc
209,Customer_Name_209,customer209@example.com,$2y$10$testHash31191abc
210,Customer_Name_210,customer210@example.com,$2y$10$testHash97824abc
211,Customer_Name_211,customer211@example.com,$2y$10$testHash63986abc
212,Customer_Name_212,customer212@example.com,$2y$10$testHash38141abc
213,Customer_Name_213,customer213@example.com,$2y$10$testHash66968abc
214,Customer_Name_214,customer214@example.com,$2y$10$testHash48270abc
215,Customer_Name_215,customer215@example.com,$2y$10$testHash80086abc
216,Customer_Name_216,customer216@example.com,$2y$10$testHash17764abc
217,Customer_Name_217,customer217@example.com,$2y$10$testHash36789abc
218,Customer_Name_218,customer218@example.com,$2y$10$testHash57127abc
219,Customer_Name_219,customer219@example.com,$2y$10$testHash13782abc
220,Customer_Name_220,customer220@example.com,$2y$10$testHash94062abc
221,Customer_Name_221,customer221@example.com,$2y$10$testHash85781abc
222,Customer_Name_222,customer222@example.com,$2y$10$testHash90291abc
223,Customer_Name_223,customer223@example.com,$2y$10$testHash35978abc
224,Customer_Name_224,customer224@example.com,$2y$10$testHash76497abc
225,Customer_Name_225,customer225@example.com,$2y$10$testHash74583abc
226,Customer_Name_226,customer226@example.com,$2y$10$testHash56538abc
227,Customer_Name_227,customer227@example.com,$2y$10$testHash77156abc
228,Customer_Name_228,customer228@example.com,$2y$10$testHash16542abc
229,Customer_Name_229,customer229@example.com,$2y$10$testHash47266abc
230,Customer_Name_230,customer230@example.com,$2y$10$testHash93465abc
231,Customer_Name_231,customer231@example.com,$2y$10$testHash14391abc
232,Customer_Name_232,customer232@example.com,$2y$10$testHash98149abc
233,Customer_Name_233,customer233@example.com,$2y$10$testHash81938abc
234,Customer_Name_234,customer234@example.com,$2y$10$testHash19256abc
235,Customer_Name_235,customer235@example.com,$2y$10$testHash85051abc
236,Customer_Name_236,customer236@example.com,$2y$10$testHash33128abc
237,Customer_Name_237,customer237@example.com,$2y$10$testHash68632abc
238,Customer_Name_238,customer238@example.com,$2y$10$testHash12726abc
239,Customer_Name_239,customer239@example.com,$2y$10$testHash28278abc
240,Customer_Name_240,customer240@example.com,$2y$10$testHash89350abc
241,Customer_Name_241,customer241@example.com,$2y$10$testHash88714abc
242,Customer_Name_242,customer242@example.com,$2y$10$testHash74069abc
243,Customer_Name_243,customer243@example.com,$2y$10$testHash33924abc
244,Customer_Name_244,customer244@example.com,$2y$10$testHash21068abc
245,Customer_Name_245,customer245@example.com,$2y$10$testHash41936abc
246,Customer_Name_246,customer246@example.com,$2y$10$testHash68897abc
247,Customer_Name_247,customer247@example.com,$2y$10$testHash71698abc
248,Customer_Name_248,customer248@example.com,$2y$10$testHash24456abc
249,Customer_Name_249,customer249@example.com,$2y$10$testHash74910abc
250,Customer_Name_250,customer250@example.com,$2y$10$testHash52618abc
251,Customer_Name_251,customer251@example.com,$2y$10$testHash74031abc
252,Customer_Name_252,customer252@example.com,$2y$10$testHash99900abc
253,Customer_Name_253,customer253@example.com,$2y$10$testHash90296abc
254,Customer_Name_254,customer254@example.com,$2y$10$testHash32879abc
255,Customer_Name_255,customer255@example.com,$2y$10$testHash51303abc
256,Customer_Name_256,customer256@example.com,$2y$10$testHash41376abc
257,Customer_Name_257,customer257@example.com,$2y$10$testHash82865abc
258,Customer_Name_258,customer258@example.com,$2y$10$testHash12163abc
259,Customer_Name_259,customer259@example.com,$2y$10$testHash86186abc
260,Customer_Name_260,customer260@example.com,$2y$10$testHash83775abc
261,Customer_Name_261,customer261@example.com,$2y$10$testHash26011abc
262,Customer_Name_262,customer262@example.com,$2y$10$testHash37702abc
263,Customer_Name_263,customer263@example.com,$2y$10$testHash21516abc
264,Customer_Name_264,customer264@example.com,$2y$10$testHash37345abc
265,Customer_Name_265,customer265@example.com,$2y$10$testHash69642abc
266,Customer_Name_266,customer266@example.com,$2y$10$testHash75711abc
267,Customer_Name_267,customer267@example.com,$2y$10$testHash94857abc
268,Customer_Name_268,customer268@example.com,$2y$10$testHash87720abc
269,Customer_Name_269,customer269@example.com,$2y$10$testHash46201abc
270,Customer_Name_270,customer270@example.com,$2y$10$testHash82823abc
271,Customer_Name_271,customer271@example.com,$2y$10$testHash93507abc
272,Customer_Name_272,customer272@example.com,$2y$10$testHash76572abc
273,Customer_Name_273,customer273@example.com,$2y$10$testHash88897abc
274,Customer_Name_274,customer274@example.com,$2y$10$testHash47365abc
275,Customer_Name_275,customer275@example.com,$2y$10$testHash81661abc
276,Customer_Name_276,customer276@example.com,$2y$10$testHash27477abc
277,Customer_Name_277,customer277@example.com,$2y$10$testHash56467abc
278,Customer_Name_278,customer278@example.com,$2y$10$testHash89691abc
279,Customer_Name_279,customer279@example.com,$2y$10$testHash19521abc
280,Customer_Name_280,customer280@example.com,$2y$10$testHash85858abc
281,Customer_Name_281,customer281@example.com,$2y$10$testHash10181abc
282,Customer_Name_282,customer282@example.com,$2y$10$testHash96337abc
283,Customer_Name_283,customer283@example.com,$2y$10$testHash71740abc
284,Customer_Name_284,customer284@example.com,$2y$10$testHash86862abc
285,Customer_Name_285,customer285@example.com,$2y$10$testHash27737abc
286,Customer_Name_286,customer286@example.com,$2y$10$testHash31536abc
287,Customer_Name_287,customer287@example.com,$2y$10$testHash76785abc
288,Customer_Name_288,customer288@example.com,$2y$10$testHash51758abc
289,Customer_Name_289,customer289@example.com,$2y$10$testHash47983abc
290,Customer_Name_290,customer290@example.com,$2y$10$testHash71207abc
291,Customer_Name_291,customer291@example.com,$2y$10$testHash71323abc
292,Customer_Name_292,customer292@example.com,$2y$10$testHash44548abc
293,Customer_Name_293,customer293@example.com,$2y$10$testHash62489abc
294,Customer_Name_294,customer294@example.com,$2y$10$testHash93374abc
295,Customer_Name_295,customer295@example.com,$2y$10$testHash86427abc
296,Customer_Name_296,customer296@example.com,$2y$10$testHash26464abc
297,Customer_Name_297,customer297@example.com,$2y$10$testHash73232abc
298,Customer_Name_298,customer298@example.com,$2y$10$testHash14739abc
299,Customer_Name_299,customer299@example.com,$2y$10$testHash36108abc
300,Customer_Name_300,customer300@example.com,$2y$10$testHash10580abc
301,Customer_Name_301,customer301@example.com,$2y$10$testHash84507abc
302,Customer_Name_302,customer302@example.com,$2y$10$testHash50555abc
303,Customer_Name_303,customer303@example.com,$2y$10$testHash71204abc
304,Customer_Name_304,customer304@example.com,$2y$10$testHash31204abc
305,Customer_Name_305,customer305@example.com,$2y$10$testHash86996abc
306,Customer_Name_306,customer306@example.com,$2y$10$testHash74607abc
307,Customer_Name_307,customer307@example.com,$2y$10$testHash38307abc
308,Customer_Name_308,customer308@example.com,$2y$10$testHash73662abc
309,Customer_Name_309,customer309@example.com,$2y$10$testHash50687abc
310,Customer_Name_310,customer310@example.com,$2y$10$testHash62443abc
311,Customer_Name_311,customer311@example.com,$2y$10$testHash18692abc
312,Customer_Name_312,customer312@example.com,$2y$10$testHash60559abc
313,Customer_Name_313,customer313@example.com,$2y$10$testHash82172abc
314,Customer_Name_314,customer314@example.com,$2y$10$testHash27248abc
315,Customer_Name_315,customer315@example.com,$2y$10$testHash61953abc
316,Customer_Name_316,customer316@example.com,$2y$10$testHash43999abc
317,Customer_Name_317,customer317@example.com,$2y$10$testHash57798abc
318,Customer_Name_318,customer318@example.com,$2y$10$testHash81888abc
319,Customer_Name_319,customer319@example.com,$2y$10$testHash99038abc
320,Customer_Name_320,customer320@example.com,$2y$10$testHash69614abc
321,Customer_Name_321,customer321@example.com,$2y$10$testHash73926abc
322,Customer_Name_322,customer322@example.com,$2y$10$testHash83521abc
323,Customer_Name_323,customer323@example.com,$2y$10$testHash44902abc
324,Customer_Name_324,customer324@example.com,$2y$10$testHash77617abc
325,Customer_Name_325,customer325@example.com,$2y$10$testHash19734abc
326,Customer_Name_326,customer326@example.com,$2y$10$testHash26017abc
327,Customer_Name_327,customer327@example.com,$2y$10$testHash47042abc
328,Customer_Name_328,customer328@example.com,$2y$10$testHash83486abc
329,Customer_Name_329,customer329@example.com,$2y$10$testHash18480abc
330,Customer_Name_330,customer330@example.com,$2y$10$testHash82611abc
331,Customer_Name_331,customer331@example.com,$2y$10$testHash63365abc
332,Customer_Name_332,customer332@example.com,$2y$10$testHash89462abc
333,Customer_Name_333,customer333@example.com,$2y$10$testHash95966abc
334,Customer_Name_334,customer334@example.com,$2y$10$testHash37134abc
335,Customer_Name_335,customer335@example.com,$2y$10$testHash72862abc
336,Customer_Name_336,customer336@example.com,$2y$10$testHash74342abc
337,Customer_Name_337,customer337@example.com,$2y$10$testHash65792abc
338,Customer_Name_338,customer338@example.com,$2y$10$testHash11362abc
339,Customer_Name_339,customer339@example.com,$2y$10$testHash89881abc
340,Customer_Name_340,customer340@example.com,$2y$10$testHash73743abc
341,Customer_Name_341,customer341@example.com,$2y$10$testHash32121abc
342,Customer_Name_342,customer342@example.com,$2y$10$testHash65084abc
343,Customer_Name_343,customer343@example.com,$2y$10$testHash82170abc
344,Customer_Name_344,customer344@example.com,$2y$10$testHash67580abc
345,Customer_Name_345,customer345@example.com,$2y$10$testHash79358abc
346,Customer_Name_346,customer346@example.com,$2y$10$testHash79356abc
347,Customer_Name_347,customer347@example.com,$2y$10$testHash90543abc
348,Customer_Name_348,customer348@example.com,$2y$10$testHash80616abc
349,Customer_Name_349,customer349@example.com,$2y$10$testHash23288abc
350,Customer_Name_350,customer350@example.com,$2y$10$testHash23801abc
351,Customer_Name_351,customer351@example.com,$2y$10$testHash79841abc
352,Customer_Name_352,customer352@example.com,$2y$10$testHash82461abc
353,Customer_Name_353,customer353@example.com,$2y$10$testHash20448abc
354,Customer_Name_354,customer354@example.com,$2y$10$testHash40718abc
355,Customer_Name_355,customer355@example.com,$2y$10$testHash28089abc
356,Customer_Name_356,customer356@example.com,$2y$10$testHash60968abc
357,Customer_Name_357,customer357@example.com,$2y$10$testHash34452abc
358,Customer_Name_358,customer358@example.com,$2y$10$testHash71459abc
359,Customer_Name_359,customer359@example.com,$2y$10$testHash18487abc
360,Customer_Name_360,customer360@example.com,$2y$10$testHash59929abc
361,Customer_Name_361,customer361@example.com,$2y$10$testHash24801abc
362,Customer_Name_362,customer362@example.com,$2y$10$testHash59912abc
363,Customer_Name_363,customer363@example.com,$2y$10$testHash49002abc
364,Customer_Name_364,customer364@example.com,$2y$10$testHash52523abc
365,Customer_Name_365,customer365@example.com,$2y$10$testHash96175abc
366,Customer_Name_366,customer366@example.com,$2y$10$testHash53247abc
367,Customer_Name_367,customer367@example.com,$2y$10$testHash54849abc
368,Customer_Name_368,customer368@example.com,$2y$10$testHash25589abc
369,Customer_Name_369,customer369@example.com,$2y$10$testHash34507abc
370,Customer_Name_370,customer370@example.com,$2y$10$testHash63698abc
371,Customer_Name_371,customer371@example.com,$2y$10$testHash61256abc
372,Customer_Name_372,customer372@example.com,$2y$10$testHash13727abc
373,Customer_Name_373,customer373@example.com,$2y$10$testHash36620abc
374,Customer_Name_374,customer374@example.com,$2y$10$testHash79730abc
375,Customer_Name_375,customer375@example.com,$2y$10$testHash19108abc
376,Customer_Name_376,customer376@example.com,$2y$10$testHash29186abc
377,Customer_Name_377,customer377@example.com,$2y$10$testHash50469abc
378,Customer_Name_378,customer378@example.com,$2y$10$testHash16353abc
379,Customer_Name_379,customer379@example.com,$2y$10$testHash74980abc
380,Customer_Name_380,customer380@example.com,$2y$10$testHash36067abc
381,Customer_Name_381,customer381@example.com,$2y$10$testHash64111abc
382,Customer_Name_382,customer382@example.com,$2y$10$testHash77616abc
383,Customer_Name_383,customer383@example.com,$2y$10$testHash12721abc
384,Customer_Name_384,customer384@example.com,$2y$10$testHash18387abc
385,Customer_Name_385,customer385@example.com,$2y$10$testHash28105abc
386,Customer_Name_386,customer386@example.com,$2y$10$testHash22501abc
387,Customer_Name_387,customer387@example.com,$2y$10$testHash13554abc
388,Customer_Name_388,customer388@example.com,$2y$10$testHash70593abc
389,Customer_Name_389,customer389@example.com,$2y$10$testHash51819abc
390,Customer_Name_390,customer390@example.com,$2y$10$testHash77179abc
391,Customer_Name_391,customer391@example.com,$2y$10$testHash50388abc
392,Customer_Name_392,customer392@example.com,$2y$10$testHash78975abc
393,Customer_Name_393,customer393@example.com,$2y$10$testHash32698abc
394,Customer_Name_394,customer394@example.com,$2y$10$testHash63141abc
395,Customer_Name_395,customer395@example.com,$2y$10$testHash85492abc
396,Customer_Name_396,customer396@example.com,$2y$10$testHash96928abc
397,Customer_Name_397,customer397@example.com,$2y$10$testHash81324abc
398,Customer_Name_398,customer398@example.com,$2y$10$testHash54267abc
399,Customer_Name_399,customer399@example.com,$2y$10$testHash35568abc
400,Customer_Name_400,customer400@example.com,$2y$10$testHash93163abc
401,Customer_Name_401,customer401@example.com,$2y$10$testHash48931abc
402,Customer_Name_402,customer402@example.com,$2y$10$testHash87529abc
403,Customer_Name_403,customer403@example.com,$2y$10$testHash80388abc
404,Customer_Name_404,customer404@example.com,$2y$10$testHash61230abc
405,Customer_Name_405,customer405@example.com,$2y$10$testHash59630abc
406,Customer_Name_406,customer406@example.com,$2y$10$testHash43833abc
407,Customer_Name_407,customer407@example.com,$2y$10$testHash44464abc
408,Customer_Name_408,customer408@example.com,$2y$10$testHash80187abc
409,Customer_Name_409,customer409@example.com,$2y$10$testHash17712abc
410,Customer_Name_410,customer410@example.com,$2y$10$testHash73502abc
411,Customer_Name_411,customer411@example.com,$2y$10$testHash23017abc
412,Customer_Name_412,customer412@example.com,$2y$10$testHash81944abc
413,Customer_Name_413,customer413@example.com,$2y$10$testHash72110abc
414,Customer_Name_414,customer414@example.com,$2y$10$testHash55245abc
415,Customer_Name_415,customer415@example.com,$2y$10$testHash38026abc
416,Customer_Name_416,customer416@example.com,$2y$10$testHash17057abc
417,Customer_Name_417,customer417@example.com,$2y$10$testHash87887abc
418,Customer_Name_418,customer418@example.com,$2y$10$testHash47202abc
419,Customer_Name_419,customer419@example.com,$2y$10$testHash14526abc
420,Customer_Name_420,customer420@example.com,$2y$10$testHash81447abc
421,Customer_Name_421,customer421@example.com,$2y$10$testHash44484abc
422,Customer_Name_422,customer422@example.com,$2y$10$testHash28454abc
423,Customer_Name_423,customer423@example.com,$2y$10$testHash82551abc
424,Customer_Name_424,customer424@example.com,$2y$10$testHash17371abc
425,Customer_Name_425,customer425@example.com,$2y$10$testHash93048abc
426,Customer_Name_426,customer426@example.com,$2y$10$testHash14979abc
427,Customer_Name_427,customer427@example.com,$2y$10$testHash94603abc
428,Customer_Name_428,customer428@example.com,$2y$10$testHash91492abc
429,Customer_Name_429,customer429@example.com,$2y$10$testHash91361abc
430,Customer_Name_430,customer430@example.com,$2y$10$testHash76426abc
431,Customer_Name_431,customer431@example.com,$2y$10$testHash97722abc
432,Customer_Name_432,customer432@example.com,$2y$10$testHash90617abc
433,Customer_Name_433,customer433@example.com,$2y$10$testHash37113abc
434,Customer_Name_434,customer434@example.com,$2y$10$testHash42651abc
435,Customer_Name_435,customer435@example.com,$2y$10$testHash46092abc
436,Customer_Name_436,customer436@example.com,$2y$10$testHash60412abc
437,Customer_Name_437,customer437@example.com,$2y$10$testHash87364abc
438,Customer_Name_438,customer438@example.com,$2y$10$testHash47145abc
439,Customer_Name_439,customer439@example.com,$2y$10$testHash46020abc
440,Customer_Name_440,customer440@example.com,$2y$10$testHash11816abc
441,Customer_Name_441,customer441@example.com,$2y$10$testHash52942abc
442,Customer_Name_442,customer442@example.com,$2y$10$testHash62010abc
443,Customer_Name_443,customer443@example.com,$2y$10$testHash56093abc
444,Customer_Name_444,customer444@example.com,$2y$10$testHash28691abc
445,Customer_Name_445,customer445@example.com,$2y$10$testHash31075abc
446,Customer_Name_446,customer446@example.com,$2y$10$testHash97965abc
447,Customer_Name_447,customer447@example.com,$2y$10$testHash23496abc
448,Customer_Name_448,customer448@example.com,$2y$10$testHash75799abc
449,Customer_Name_449,customer449@example.com,$2y$10$testHash36667abc
450,Customer_Name_450,customer450@example.com,$2y$10$testHash41301abc
451,Customer_Name_451,customer451@example.com,$2y$10$testHash75697abc
452,Customer_Name_452,customer452@example.com,$2y$10$testHash70115abc
453,Customer_Name_453,customer453@example.com,$2y$10$testHash90777abc
454,Customer_Name_454,customer454@example.com,$2y$10$testHash73851abc
455,Customer_Name_455,customer455@example.com,$2y$10$testHash98037abc
456,Customer_Name_456,customer456@example.com,$2y$10$testHash10616abc
457,Customer_Name_457,customer457@example.com,$2y$10$testHash65647abc
458,Customer_Name_458,customer458@example.com,$2y$10$testHash91561abc
459,Customer_Name_459,customer459@example.com,$2y$10$testHash66576abc
460,Customer_Name_460,customer460@example.com,$2y$10$testHash84542abc
461,Customer_Name_461,customer461@example.com,$2y$10$testHash68322abc
462,Customer_Name_462,customer462@example.com,$2y$10$testHash41991abc
463,Customer_Name_463,customer463@example.com,$2y$10$testHash69238abc
464,Customer_Name_464,customer464@example.com,$2y$10$testHash10211abc
465,Customer_Name_465,customer465@example.com,$2y$10$testHash96409abc
466,Customer_Name_466,customer466@example.com,$2y$10$testHash37971abc
467,Customer_Name_467,customer467@example.com,$2y$10$testHash98106abc
468,Customer_Name_468,customer468@example.com,$2y$10$testHash27271abc
469,Customer_Name_469,customer469@example.com,$2y$10$testHash14390abc
470,Customer_Name_470,customer470@example.com,$2y$10$testHash46832abc
471,Customer_Name_471,customer471@example.com,$2y$10$testHash37119abc
472,Customer_Name_472,customer472@example.com,$2y$10$testHash78329abc
473,Customer_Name_473,customer473@example.com,$2y$10$testHash31351abc
474,Customer_Name_474,customer474@example.com,$2y$10$testHash14267abc
475,Customer_Name_475,customer475@example.com,$2y$10$testHash24729abc
476,Customer_Name_476,customer476@example.com,$2y$10$testHash94783abc
477,Customer_Name_477,customer477@example.com,$2y$10$testHash63185abc
478,Customer_Name_478,customer478@example.com,$2y$10$testHash96219abc
479,Customer_Name_479,customer479@example.com,$2y$10$testHash73368abc
480,Customer_Name_480,customer480@example.com,$2y$10$testHash53603abc
481,Customer_Name_481,customer481@example.com,$2y$10$testHash37738abc
482,Customer_Name_482,customer482@example.com,$2y$10$testHash25142abc
483,Customer_Name_483,customer483@example.com,$2y$10$testHash54350abc
484,Customer_Name_484,customer484@example.com,$2y$10$testHash44911abc
485,Customer_Name_485,customer485@example.com,$2y$10$testHash10305abc
486,Customer_Name_486,customer486@example.com,$2y$10$testHash43745abc
487,Customer_Name_487,customer487@example.com,$2y$10$testHash14093abc
488,Customer_Name_488,customer488@example.com,$2y$10$testHash20471abc
489,Customer_Name_489,customer489@example.com,$2y$10$testHash53819abc
490,Customer_Name_490,customer490@example.com,$2y$10$testHash11600abc
491,Customer_Name_491,customer491@example.com,$2y$10$testHash17518abc
492,Customer_Name_492,customer492@example.com,$2y$10$testHash96074abc
493,Customer_Name_493,customer493@example.com,$2y$10$testHash36178abc
494,Customer_Name_494,customer494@example.com,$2y$10$testHash21710abc
495,Customer_Name_495,customer495@example.com,$2y$10$testHash72305abc
496,Customer_Name_496,customer496@example.com,$2y$10$testHash16871abc
497,Customer_Name_497,customer497@example.com,$2y$10$testHash88703abc
498,Customer_Name_498,customer498@example.com,$2y$10$testHash74814abc
499,Customer_Name_499,customer499@example.com,$2y$10$testHash75617abc
500,Customer_Name_500,customer500@example.com,$2y$10$testHash75863abc
